expolim,max_terms,rmse_test,mae_test,nmse_test,expr
1,2,0.7336010682133539,0.573602104010728,0.015474396357458309,1.875558*sqrt.abs(x3^-1 * x7^-3 * x10^-1) + 0.000347*id(x8 * x10^3) + -0.189892*log(x0 * x1^2 * x3^-2 * x4^3 * x5^-2 * x7^2 * x9^-1 * x10^-1) + -0.006074*sqrt.abs(x0^-3 * x4^-2 * x5^-2 * x7^2 * x8^3 * x10^3) + 22.117194*sqrt.abs(x0 * x1^-2 * x4^2 * x7^-1 * x10^-3) + 0.049848*sin(x0^2 * x5^2 * x8^2 * x10) + -0.000239*sqrt.abs(x0^-2 * x3 * x4 * x5^2 * x6 * x7^2 * x8^2 * x10^2) + -0.0*id(x0^2 * x1^-1 * x2 * x4^-1 * x6 * x8^-2 * x10) + 0.1979646096822707
1,4,0.7341656551431074,0.5792152759613597,0.015502695311033078,-1.561693*tanh(x0^-1 * x1 * x4^-1 * x6^-1 * x7^-1 * x8 * x10^2) + 0.858252*cos(x0^-2 * x4^-3 * x5^-2 * x6^-2 * x8^2 * x9^-3) + -1.231621*log(x0^-1 * x1^-2 * x4^-1 * x5^-2 * x6^-1 * x7^2 * x8^2 * x9^2 * x10^-2) + 0.31473*log(x0 * x1^2 * x4 * x6 * x7^-2 * x8^2) + -0.039725*sqrt.abs(x5^2 * x7^2 * x9^-1 * x10^-1) + -0.068523*log(x0^2 * x1^-3 * x3^-2 * x4^2 * x5^-2 * x6^2 * x7^-3 * x8^-1 * x9^-1) + 0.90482*log(x0^-2 * x1^-1 * x4^-2 * x5^-2 * x6^-2 * x7^-3 * x9 * x10^-2) + -1.365508*log(x1^2 * x7^2 * x8^-2 * x9^-1 * x10^-2) + -4.034887879184179
1,6,0.7357637947839414,0.5741234422915578,0.015578255922486956,-504213.499485*cos(x1^-1 * x3^2 * x6^-2 * x7^2 * x8^-1 * x9^2 * x10^-1) + -0.42489*tanh(x0^-1 * x1^-1 * x2^-1 * x3^-1 * x4^-1 * x5^-3 * x6 * x7 * x8^-1 * x9 * x10) + 0.762435*cos(x0^-1 * x1^-1 * x4^-1 * x5^-3 * x6^-1 * x7 * x8^2 * x10^2) + -135.740563*log(x0^-2 * x7 * x8^-2 * x10^-2) + -270.166628*log(x0 * x8 * x10) + -0.290496*log(x0^3 * x1^2 * x3^-1 * x4 * x7^-3 * x8^-1 * x9^-1 * x10^-3) + 0.060377*log(x0^-2 * x1^2 * x3^-2 * x4 * x5^2 * x6^-2 * x7^-3 * x8^3 * x9^2 * x10^-2) + 0.000362*id(x0 * x1^-1 * x3^2 * x5^-1 * x6^2 * x7^2 * x8^-2 * x9^-1 * x10^-3) + 504209.1302526469
