expolim,maxterms,rmse_test,mae_test,nmse_test,time,expr
"(-1, 1)",2,3.983635290138487,3.003975415909155,0.0010130422579579946,5.918079137802124,-36.607*sqrt.abs(x0 * x2 * x3^-1 * x4) + 7.932*cos(x0^-1 * x1 * x2^-1) + 124.198
"(-1, 1)",4,3.4390251248145263,2.482057338195025,0.0007531613980981568,9.206089973449707,-27.581*tanh(x0 * x3^-1 * x4) + 6.747*log(x2^-1 * x4) + -22.729*sqrt.abs(x0^-1 * x1 * x2^-1) + -0.086*sqrt.abs(x0 * x1 * x2 * x3 * x4) + 160.31
"(-1, 1)",6,3.2488681964590564,2.397370967681876,0.0006725938846615374,11.886074781417847,-0.388*sqrt.abs(x0 * x2) + -13.308*tanh(x0 * x1 * x2 * x3^-1 * x4) + -40.553*tanh(x0^-1 * x2 * x4^-1) + -141.377*tanh(x0^-1 * x2^-1) + -1.482*(x0 * x3^-1 * x4) + -0.537*log(x0 * x3^-1 * x4^-1) + 142.918
"(-1, 1)",8,3.258033381467363,2.2222274256893173,0.0006765679046150803,23.94768238067627,-27.662*sqrt.abs(x0 * x2 * x3^-1 * x4) + -129.604*sqrt.abs(x0^-1 * x1 * x2^-1 * x3^-1) + -32.513*tanh(x0^-1 * x2 * x4^-1) + 36.017*tanh(x0 * x4) + -10.699*cos(x2^-1 * x3^-1) + -1.956*log(x0 * x2 * x3^-1) + -0.116*sqrt.abs(x0) + -611883566.538*cos(x0^-1 * x3^-1) + 611883684.398
